YEAR,DISEASE,DISEASE_DESCRIPTION,CASES
1980,DIPHTHERIA,Diphtheria,97167.0
1980,MEASLES,Measles,3855586.0
1980,NTETANUS,Neonatal tetanus,13005.0
1980,PERTUSSIS,Pertussis,1968457.0
1980,POLIO,Poliomyelitis,52632.0
1980,TTETANUS,Total tetanus,113961.0
1980,YFEVER,Yellow fever,144.0
1981,DIPHTHERIA,Diphtheria,74098.0
1981,MEASLES,Measles,4080125.0
1981,NTETANUS,Neonatal tetanus,13286.0
1981,PERTUSSIS,Pertussis,1795654.0
1981,POLIO,Poliomyelitis,65740.0
1981,TTETANUS,Total tetanus,105704.0
1981,YFEVER,Yellow fever,238.0
1982,DIPHTHERIA,Diphtheria,60043.0
1982,MEASLES,Measles,3628379.0
1982,NTETANUS,Neonatal tetanus,18009.0
1982,PERTUSSIS,Pertussis,1814207.0
1982,POLIO,Poliomyelitis,51634.0
1982,TTETANUS,Total tetanus,115467.0
1982,YFEVER,Yellow fever,171.0
1983,DIPHTHERIA,Diphtheria,49797.0
1983,MEASLES,Measles,3588438.0
1983,NTETANUS,Neonatal tetanus,15870.0
1983,PERTUSSIS,Pertussis,1362706.0
1983,POLIO,Poliomyelitis,39974.0
1983,TTETANUS,Total tetanus,99102.0
1983,YFEVER,Yellow fever,793.0
1984,DIPHTHERIA,Diphtheria,45235.0
1984,MEASLES,Measles,3028075.0
1984,NTETANUS,Neonatal tetanus,18483.0
1984,PERTUSSIS,Pertussis,1025949.0
1984,POLIO,Poliomyelitis,35084.0
1984,TTETANUS,Total tetanus,89642.0
1984,YFEVER,Yellow fever,1012.0
1985,DIPHTHERIA,Diphtheria,42335.0
1985,MEASLES,Measles,2822189.0
1985,NTETANUS,Neonatal tetanus,17438.0
1985,PERTUSSIS,Pertussis,1007867.0
1985,POLIO,Poliomyelitis,38484.0
1985,TTETANUS,Total tetanus,104586.0
1985,YFEVER,Yellow fever,138.0
1986,DIPHTHERIA,Diphtheria,29132.0
1986,MEASLES,Measles,2080023.0
1986,NTETANUS,Neonatal tetanus,20395.0
1986,PERTUSSIS,Pertussis,835454.0
1986,POLIO,Poliomyelitis,32846.0
1986,TTETANUS,Total tetanus,85894.0
1986,YFEVER,Yellow fever,1477.0
1987,DIPHTHERIA,Diphtheria,27754.0
1987,MEASLES,Measles,1684364.0
1987,NTETANUS,Neonatal tetanus,18986.0
1987,PERTUSSIS,Pertussis,688446.0
1987,POLIO,Poliomyelitis,39683.0
1987,TTETANUS,Total tetanus,75942.0
1987,YFEVER,Yellow fever,3247.0
1988,DIPHTHERIA,Diphtheria,31526.0
1988,MEASLES,Measles,1667784.0
1988,NTETANUS,Neonatal tetanus,31886.0
1988,PERTUSSIS,Pertussis,523602.0
1988,POLIO,Poliomyelitis,34617.0
1988,TTETANUS,Total tetanus,73325.0
1988,YFEVER,Yellow fever,5344.0
1989,DIPHTHERIA,Diphtheria,29779.0
1989,MEASLES,Measles,1822811.0
1989,NTETANUS,Neonatal tetanus,29065.0
1989,PERTUSSIS,Pertussis,596515.0
1989,POLIO,Poliomyelitis,26104.0
1989,TTETANUS,Total tetanus,78700.0
1989,YFEVER,Yellow fever,3507.0
1990,DIPHTHERIA,Diphtheria,22134.0
1990,MEASLES,Measles,1325831.0
1990,NTETANUS,Neonatal tetanus,25293.0
1990,PERTUSSIS,Pertussis,442514.0
1990,POLIO,Poliomyelitis,23053.0
1990,TTETANUS,Total tetanus,64746.0
1990,YFEVER,Yellow fever,4339.0
1991,DIPHTHERIA,Diphtheria,24739.0
1991,MEASLES,Measles,1370650.0
1991,NTETANUS,Neonatal tetanus,23718.0
1991,PERTUSSIS,Pertussis,430515.0
1991,POLIO,Poliomyelitis,13274.0
1991,TTETANUS,Total tetanus,46304.0
1991,YFEVER,Yellow fever,2712.0
1992,DIPHTHERIA,Diphtheria,20851.0
1992,MEASLES,Measles,1481592.0
1992,NTETANUS,Neonatal tetanus,15829.0
1992,PERTUSSIS,Pertussis,255672.0
1992,POLIO,Poliomyelitis,15304.0
1992,TTETANUS,Total tetanus,39946.0
1992,YFEVER,Yellow fever,295.0
1993,DIPHTHERIA,Diphtheria,31243.0
1993,MEASLES,Measles,1144172.0
1993,NTETANUS,Neonatal tetanus,15985.0
1993,PERTUSSIS,Pertussis,237159.0
1993,POLIO,Poliomyelitis,10500.0
1993,TTETANUS,Total tetanus,42568.0
1993,YFEVER,Yellow fever,410.0
1994,DIPHTHERIA,Diphtheria,54817.0
1994,MEASLES,Measles,927437.0
1994,NTETANUS,Neonatal tetanus,12872.0
1994,PERTUSSIS,Pertussis,253831.0
1994,POLIO,Poliomyelitis,8666.0
1994,TTETANUS,Total tetanus,48152.0
1994,YFEVER,Yellow fever,1440.0
1995,DIPHTHERIA,Diphtheria,56965.0
1995,MEASLES,Measles,720453.0
1995,NTETANUS,Neonatal tetanus,10539.0
1995,PERTUSSIS,Pertussis,164989.0
1995,POLIO,Poliomyelitis,7043.0
1995,TTETANUS,Total tetanus,13047.0
1995,YFEVER,Yellow fever,1219.0
1996,DIPHTHERIA,Diphtheria,28624.0
1996,MEASLES,Measles,870748.0
1996,NTETANUS,Neonatal tetanus,13093.0
1996,PERTUSSIS,Pertussis,141443.0
1996,POLIO,Poliomyelitis,4070.0
1996,TTETANUS,Total tetanus,12562.0
1996,YFEVER,Yellow fever,439.0
1997,CRS,Congenital rubella syndrome,33.0
1997,DIPHTHERIA,Diphtheria,14767.0
1997,MEASLES,Measles,826553.0
1997,NTETANUS,Neonatal tetanus,15767.0
1997,PERTUSSIS,Pertussis,168249.0
1997,POLIO,Poliomyelitis,5186.0
1997,RUBELLA,Rubella,125056.0
1997,TTETANUS,Total tetanus,23159.0
1997,YFEVER,Yellow fever,193.0
1998,CRS,Congenital rubella syndrome,14.0
1998,DIPHTHERIA,Diphtheria,7442.0
1998,MEASLES,Measles,694564.0
1998,NTETANUS,Neonatal tetanus,16629.0
1998,PERTUSSIS,Pertussis,188993.0
1998,POLIO,Poliomyelitis,6347.0
1998,RUBELLA,Rubella,130569.0
1998,TTETANUS,Total tetanus,20479.0
1998,YFEVER,Yellow fever,309.0
1999,CRS,Congenital rubella syndrome,69.0
1999,DIPHTHERIA,Diphtheria,4810.0
1999,MEASLES,Measles,752592.0
1999,MUMPS,Mumps,558300.0
1999,NTETANUS,Neonatal tetanus,10986.0
1999,PERTUSSIS,Pertussis,116316.0
1999,POLIO,Poliomyelitis,7141.0
1999,RUBELLA,Rubella,875184.0
1999,TTETANUS,Total tetanus,15964.0
1999,YFEVER,Yellow fever,216.0
2000,CRS,Congenital rubella syndrome,158.0
2000,DIPHTHERIA,Diphtheria,11625.0
2000,MEASLES,Measles,853550.0
2000,MUMPS,Mumps,544754.0
2000,NTETANUS,Neonatal tetanus,17938.0
2000,PERTUSSIS,Pertussis,190522.0
2000,POLIO,Poliomyelitis,2971.0
2000,RUBELLA,Rubella,673361.0
2000,TTETANUS,Total tetanus,23729.0
2000,YFEVER,Yellow fever,699.0
2001,CRS,Congenital rubella syndrome,86.0
2001,DIPHTHERIA,Diphtheria,10725.0
2001,MEASLES,Measles,849358.0
2001,MUMPS,Mumps,412468.0
2001,NTETANUS,Neonatal tetanus,14017.0
2001,PERTUSSIS,Pertussis,174866.0
2001,POLIO,Poliomyelitis,496.0
2001,RUBELLA,Rubella,836395.0
2001,TTETANUS,Total tetanus,20805.0
2001,YFEVER,Yellow fever,656.0
2002,CRS,Congenital rubella syndrome,41.0
2002,DIPHTHERIA,Diphtheria,9035.0
2002,JAPENC,Japanese encephalitis,49.0
2002,MEASLES,Measles,586471.0
2002,MUMPS,Mumps,487932.0
2002,NTETANUS,Neonatal tetanus,11633.0
2002,PERTUSSIS,Pertussis,135944.0
2002,POLIO,Poliomyelitis,1922.0
2002,RUBELLA,Rubella,639747.0
2002,TTETANUS,Total tetanus,31376.0
2002,YFEVER,Yellow fever,715.0
2003,CRS,Congenital rubella syndrome,116.0
2003,DIPHTHERIA,Diphtheria,7154.0
2003,JAPENC,Japanese encephalitis,37.0
2003,MEASLES,Measles,679899.0
2003,MUMPS,Mumps,334731.0
2003,NTETANUS,Neonatal tetanus,9043.0
2003,PERTUSSIS,Pertussis,116604.0
2003,POLIO,Poliomyelitis,784.0
2003,RUBELLA,Rubella,317443.0
2003,TTETANUS,Total tetanus,14223.0
2003,YFEVER,Yellow fever,739.0
2004,CRS,Congenital rubella syndrome,89.0
2004,DIPHTHERIA,Diphtheria,10069.0
2004,JAPENC,Japanese encephalitis,39.0
2004,MEASLES,Measles,513408.0
2004,MUMPS,Mumps,654285.0
2004,NTETANUS,Neonatal tetanus,9414.0
2004,PERTUSSIS,Pertussis,245377.0
2004,POLIO,Poliomyelitis,1256.0
2004,RUBELLA,Rubella,308216.0
2004,TTETANUS,Total tetanus,13987.0
2004,YFEVER,Yellow fever,1376.0
2005,CRS,Congenital rubella syndrome,41.0
2005,DIPHTHERIA,Diphtheria,8138.0
2005,JAPENC,Japanese encephalitis,78.0
2005,MEASLES,Measles,585701.0
2005,MUMPS,Mumps,619150.0
2005,NTETANUS,Neonatal tetanus,9848.0
2005,PERTUSSIS,Pertussis,152855.0
2005,POLIO,Poliomyelitis,2033.0
2005,RUBELLA,Rubella,267984.0
2005,TTETANUS,Total tetanus,15675.0
2005,YFEVER,Yellow fever,591.0
2006,CRS,Congenital rubella syndrome,64.0
2006,DIPHTHERIA,Diphtheria,4333.0
2006,JAPENC,Japanese encephalitis,8040.0
2006,MEASLES,Measles,377576.0
2006,MUMPS,Mumps,643321.0
2006,NTETANUS,Neonatal tetanus,8416.0
2006,PERTUSSIS,Pertussis,127410.0
2006,POLIO,Poliomyelitis,2023.0
2006,RUBELLA,Rubella,250102.0
2006,TTETANUS,Total tetanus,15305.0
2006,YFEVER,Yellow fever,358.0
2007,CRS,Congenital rubella syndrome,225.0
2007,DIPHTHERIA,Diphtheria,4642.0
2007,JAPENC,Japanese encephalitis,9489.0
2007,MEASLES,Measles,285119.0
2007,MUMPS,Mumps,408118.0
2007,NTETANUS,Neonatal tetanus,6225.0
2007,PERTUSSIS,Pertussis,139559.0
2007,POLIO,Poliomyelitis,1390.0
2007,RUBELLA,Rubella,196543.0
2007,TTETANUS,Total tetanus,20362.0
2007,YFEVER,Yellow fever,265.0
2008,CRS,Congenital rubella syndrome,244.0
2008,DIPHTHERIA,Diphtheria,4978.0
2008,JAPENC,Japanese encephalitis,5198.0
2008,MEASLES,Measles,278824.0
2008,MUMPS,Mumps,537978.0
2008,NTETANUS,Neonatal tetanus,6635.0
2008,PERTUSSIS,Pertussis,148122.0
2008,POLIO,Poliomyelitis,1736.0
2008,RUBELLA,Rubella,181076.0
2008,TTETANUS,Total tetanus,15850.0
2008,YFEVER,Yellow fever,372.0
2009,CRS,Congenital rubella syndrome,161.0
2009,DIPHTHERIA,Diphtheria,4349.0
2009,JAPENC,Japanese encephalitis,5163.0
2009,MEASLES,Measles,278659.0
2009,MUMPS,Mumps,546914.0
2009,NTETANUS,Neonatal tetanus,5611.0
2009,PERTUSSIS,Pertussis,166639.0
2009,POLIO,Poliomyelitis,1789.0
2009,RUBELLA,Rubella,121438.0
2009,TTETANUS,Total tetanus,11982.0
2009,YFEVER,Yellow fever,136.0
2010,CRS,Congenital rubella syndrome,31.0
2010,DIPHTHERIA,Diphtheria,4603.0
2010,JAPENC,Japanese encephalitis,3856.0
2010,MEASLES,Measles,343820.0
2010,MUMPS,Mumps,620218.0
2010,NTETANUS,Neonatal tetanus,5085.0
2010,PERTUSSIS,Pertussis,161299.0
2010,POLIO,Poliomyelitis,1412.0
2010,RUBELLA,Rubella,76001.0
2010,TTETANUS,Total tetanus,11181.0
2010,YFEVER,Yellow fever,737.0
2011,CRS,Congenital rubella syndrome,214.0
2011,DIPHTHERIA,Diphtheria,5626.0
2011,JAPENC,Japanese encephalitis,3393.0
2011,MEASLES,Measles,359347.0
2011,MUMPS,Mumps,727486.0
2011,NTETANUS,Neonatal tetanus,4295.0
2011,PERTUSSIS,Pertussis,173634.0
2011,POLIO,Poliomyelitis,717.0
2011,RUBELLA,Rubella,114544.0
2011,TTETANUS,Total tetanus,12650.0
2011,YFEVER,Yellow fever,2591.0
2012,CRS,Congenital rubella syndrome,305.0
2012,DIPHTHERIA,Diphtheria,4490.0
2012,JAPENC,Japanese encephalitis,2354.0
2012,MEASLES,Measles,212385.0
2012,MUMPS,Mumps,688173.0
2012,NTETANUS,Neonatal tetanus,4654.0
2012,PERTUSSIS,Pertussis,250357.0
2012,POLIO,Poliomyelitis,294.0
2012,RUBELLA,Rubella,94327.0
2012,TTETANUS,Total tetanus,10479.0
2012,YFEVER,Yellow fever,262.0
2013,CRS,Congenital rubella syndrome,134.0
2013,DIPHTHERIA,Diphtheria,4680.0
2013,JAPENC,Japanese encephalitis,3877.0
2013,MEASLES,Measles,275316.0
2013,MUMPS,Mumps,516531.0
2013,NTETANUS,Neonatal tetanus,4149.0
2013,PERTUSSIS,Pertussis,172136.0
2013,POLIO,Poliomyelitis,482.0
2013,RUBELLA,Rubella,101206.0
2013,TTETANUS,Total tetanus,13532.0
2013,TYPHOID,Typhoid,19.0
2013,YFEVER,Yellow fever,294.0
2014,CRS,Congenital rubella syndrome,142.0
2014,DIPHTHERIA,Diphtheria,7774.0
2014,JAPENC,Japanese encephalitis,4815.0
2014,MEASLES,Measles,282128.0
2014,MUMPS,Mumps,311692.0
2014,NTETANUS,Neonatal tetanus,2238.0
2014,PERTUSSIS,Pertussis,186515.0
2014,POLIO,Poliomyelitis,415.0
2014,RUBELLA,Rubella,33523.0
2014,TTETANUS,Total tetanus,12531.0
2014,TYPHOID,Typhoid,31.0
2014,YFEVER,Yellow fever,54.0
2015,CRS,Congenital rubella syndrome,282.0
2015,DIPHTHERIA,Diphtheria,4535.0
2015,JAPENC,Japanese encephalitis,4088.0
2015,MEASLES,Measles,214826.0
2015,MUMPS,Mumps,385898.0
2015,NTETANUS,Neonatal tetanus,3580.0
2015,PERTUSSIS,Pertussis,156147.0
2015,POLIO,Poliomyelitis,106.0
2015,RUBELLA,Rubella,23769.0
2015,TTETANUS,Total tetanus,10340.0
2015,TYPHOID,Typhoid,32.0
2015,YFEVER,Yellow fever,72.0
2016,CRS,Congenital rubella syndrome,369.0
2016,DIPHTHERIA,Diphtheria,7102.0
2016,JAPENC,Japanese encephalitis,5401.0
2016,MEASLES,Measles,132499.0
2016,MUMPS,Mumps,592252.0
2016,NTETANUS,Neonatal tetanus,1997.0
2016,PERTUSSIS,Pertussis,174658.0
2016,POLIO,Poliomyelitis,42.0
2016,RUBELLA,Rubella,23423.0
2016,TTETANUS,Total tetanus,13813.0
2016,TYPHOID,Typhoid,35.0
2016,YFEVER,Yellow fever,1154.0
2017,CRS,Congenital rubella syndrome,835.0
2017,DIPHTHERIA,Diphtheria,8819.0
2017,JAPENC,Japanese encephalitis,4673.0
2017,MEASLES,Measles,173532.0
2017,MUMPS,Mumps,563140.0
2017,NTETANUS,Neonatal tetanus,2266.0
2017,PERTUSSIS,Pertussis,163257.0
2017,POLIO,Poliomyelitis,118.0
2017,RUBELLA,Rubella,14756.0
2017,TTETANUS,Total tetanus,12510.0
2017,TYPHOID,Typhoid,34.0
2017,YFEVER,Yellow fever,876.0
2018,CRS,Congenital rubella syndrome,449.0
2018,DIPHTHERIA,Diphtheria,16911.0
2018,JAPENC,Japanese encephalitis,4402.0
2018,MEASLES,Measles,360316.0
2018,MUMPS,Mumps,504085.0
2018,NTETANUS,Neonatal tetanus,1803.0
2018,PERTUSSIS,Pertussis,169469.0
2018,POLIO,Poliomyelitis,137.0
2018,RUBELLA,Rubella,26045.0
2018,TTETANUS,Total tetanus,15103.0
2018,TYPHOID,Typhoid,7488.0
2018,YFEVER,Yellow fever,2064.0
2019,CRS,Congenital rubella syndrome,425.0
2019,DIPHTHERIA,Diphtheria,22986.0
2019,JAPENC,Japanese encephalitis,3712.0
2019,MEASLES,Measles,873730.0
2019,MUMPS,Mumps,170730.0
2019,NTETANUS,Neonatal tetanus,2173.0
2019,PERTUSSIS,Pertussis,149979.0
2019,POLIO,Poliomyelitis,378.0
2019,RUBELLA,Rubella,49307.0
2019,TTETANUS,Total tetanus,14745.0
2019,TYPHOID,Typhoid,148568.0
2019,YFEVER,Yellow fever,459.0
2020,CRS,Congenital rubella syndrome,1252.0
2020,DIPHTHERIA,Diphtheria,10137.0
2020,INVASIVE_MENING,Invasive meningococcal disease,21128.0
2020,JAPENC,Japanese encephalitis,1532.0
2020,MEASLES,Measles,160242.0
2020,MUMPS,Mumps,279606.0
2020,NTETANUS,Neonatal tetanus,2300.0
2020,PERTUSSIS,Pertussis,69657.0
2020,POLIO,Poliomyelitis,1113.0
2020,RUBELLA,Rubella,10325.0
2020,TTETANUS,Total tetanus,11897.0
2020,TYPHOID,Typhoid,888769.0
2020,YFEVER,Yellow fever,1139.0
2021,CRS,Congenital rubella syndrome,716.0
2021,DIPHTHERIA,Diphtheria,8659.0
2021,INVASIVE_MENING,Invasive meningococcal disease,26062.0
2021,JAPENC,Japanese encephalitis,988.0
2021,MEASLES,Measles,123164.0
2021,MUMPS,Mumps,242238.0
2021,NTETANUS,Neonatal tetanus,4140.0
2021,PERTUSSIS,Pertussis,30681.0
2021,POLIO,Poliomyelitis,700.0
2021,RUBELLA,Rubella,10023.0
2021,TTETANUS,Total tetanus,9829.0
2021,TYPHOID,Typhoid,1858728.0
2021,YFEVER,Yellow fever,281.0
2022,CRS,Congenital rubella syndrome,1527.0
2022,DIPHTHERIA,Diphtheria,10018.0
2022,INVASIVE_MENING,Invasive meningococcal disease,16331.0
2022,JAPENC,Japanese encephalitis,1886.0
2022,MEASLES,Measles,205203.0
2022,MUMPS,Mumps,381333.0
2022,NTETANUS,Neonatal tetanus,2099.0
2022,PERTUSSIS,Pertussis,64342.0
2022,POLIO,Poliomyelitis,865.0
2022,RUBELLA,Rubella,17928.0
2022,TTETANUS,Total tetanus,6706.0
2022,TYPHOID,Typhoid,2897175.0
2022,YFEVER,Yellow fever,217.0
2023,CRS,Congenital rubella syndrome,1534.0
2023,DIPHTHERIA,Diphtheria,24779.0
2023,INVASIVE_MENING,Invasive meningococcal disease,5561.0
2023,JAPENC,Japanese encephalitis,2114.0
2023,MEASLES,Measles,663838.0
2023,MUMPS,Mumps,385049.0
2023,NTETANUS,Neonatal tetanus,4585.0
2023,PERTUSSIS,Pertussis,159917.0
2023,POLIO,Poliomyelitis,538.0
2023,RUBELLA,Rubella,35718.0
2023,TTETANUS,Total tetanus,21833.0
2023,TYPHOID,Typhoid,4583577.0
2023,YFEVER,Yellow fever,476.0
